country,country_code,shop_id,shop_name,item_id,product_name,category,platform_category,shop_category,current_price,price,discount_percent,displayed_discount_pct,likes,liked_count,rating_count,monthly_sold_value_proxy,monthly_sold_value,history_sold_value,opportunity_score,recommendation_label,confidence_level,top_three_explanation_reasons,reason_1,reason_2,reason_3,peer_group_benchmark
id,id,809769142,Glad2Glow Official Store,19691541572,Glad2Glow Pomegranate Niacinamide Brightening Moisturizer Mencerahkan Pemutih Kulit Gel Pelembab Bercahaya Krim Siang dan Malam Perawatan Kulit Ekstrak DelimaPelembab Esensi Wajah Perawatan Kulit g2glow official store,Beauty,Beauty,SKINCARE,41900,41900,62.0,62.0,143952,143952,464216,1000.0,1000.0,10000.0,71.92,Protect Hero SKU,High,Likes are at the 100% peer percentile. | Shop credibility score is 87%. | Price is at the 17% country-category percentile.,Likes are at the 100% peer percentile.,Shop credibility score is 87%.,Price is at the 17% country-category percentile.,id | Beauty; price pctl 17%; likes pctl 100%; sold-value pctl 79%
id,id,809769142,Glad2Glow Official Store,20636165691,Glad2Glow Blueberry 5% Ceramide Moisturizer Repair Barrier Pulihkan skincare day cream Night Cream  repair cream  skincare Sensitive G2G glad2glow official store,Beauty,Beauty,SKINCARE,44900,44900,55.0,55.0,116007,116007,335718,1000.0,1000.0,10000.0,71.88,Protect Hero SKU,High,Likes are at the 99% peer percentile. | Shop credibility score is 87%. | Price is at the 20% country-category percentile.,Likes are at the 99% peer percentile.,Shop credibility score is 87%.,Price is at the 20% country-category percentile.,id | Beauty; price pctl 20%; likes pctl 99%; sold-value pctl 79%
id,id,809769142,Glad2Glow Official Store,27408030377,Glad2Glow Peeling Solution Serum Eksfoliasi Wajah 60 detik Menghaluskan Kulit AHA BHA PHA serum wajah glowing pelembab mencerahkan peeling exfoliating serum g2glow official store,Beauty,Beauty,SKINCARE,45900,45900,58.0,58.0,138736,138736,396381,1000.0,1000.0,10000.0,71.81,Protect Hero SKU,High,Likes are at the 100% peer percentile. | Shop credibility score is 87%. | Price is at the 21% country-category percentile.,Likes are at the 100% peer percentile.,Shop credibility score is 87%.,Price is at the 21% country-category percentile.,id | Beauty; price pctl 21%; likes pctl 100%; sold-value pctl 79%
id,id,809769142,Glad2Glow Official Store,18584356032,[DISKON 60%] Glad2Glow Clay Stick&Face Mask Series-Pomegranate Brightening/Mugwort Acne/ Volcanic Pore-sleeping masker g2glow official store,Beauty,Beauty,SKINCARE,48900,48900,51.0,51.0,122272,122272,277808,1000.0,1000.0,10000.0,71.77,Protect Hero SKU,High,Likes are at the 99% peer percentile. | Shop credibility score is 87%. | Historical sold-value proxy is at the 79% peer percentile.,Likes are at the 99% peer percentile.,Shop credibility score is 87%.,Historical sold-value proxy is at the 79% peer percentile.,id | Beauty; price pctl 24%; likes pctl 99%; sold-value pctl 79%
id,id,809769142,Glad2Glow Official Store,25614268730,[HOT SALE]Glad2Glow Micellar Water 300ml cleansing oil cleansing balm micellar centella salycilic acid remover pembersih double cleansing pembersih make up remove cleanface facial  Menghilangkan jerawat Penghapus riasan g2glow official store,Beauty,Beauty,✨BEST SELLING,48900,48900,51.0,51.0,109044,109044,278502,1000.0,1000.0,10000.0,71.71,Protect Hero SKU,High,Likes are at the 99% peer percentile. | Shop credibility score is 87%. | Historical sold-value proxy is at the 79% peer percentile.,Likes are at the 99% peer percentile.,Shop credibility score is 87%.,Historical sold-value proxy is at the 79% peer percentile.,id | Beauty; price pctl 24%; likes pctl 99%; sold-value pctl 79%
id,id,1112776376,Scora Official Store,25815711335,SCORA Salicylic Acid Gentle Low pH Cleanser Sabun Cuci Muka Oily Acne Prone Skin Friendly 100 ml,Beauty,Beauty,Special Day Banting Harga ✨💵,35900,35900,53.0,53.0,92863,92863,348292,1000.0,1000.0,10000.0,71.4,Protect Hero SKU,Medium,Likes are at the 98% peer percentile. | Price is at the 6% country-category percentile. | Historical sold-value proxy is at the 79% peer percentile.,Likes are at the 98% peer percentile.,Price is at the 6% country-category percentile.,Historical sold-value proxy is at the 79% peer percentile.,id | Beauty; price pctl 6%; likes pctl 98%; sold-value pctl 79%
id,id,809769142,Glad2Glow Official Store,20229171522,[BUY 100ml Save 30%]Glad2Glow Blueberry Ceramide Low pH Gel Cleanser Gentle skin Facial Wash oil control skincare  pembersih wajah sabun cuci muka face wash micellar water g2glow official store,Beauty,Beauty,SKINCARE,37000,37000,71.0,71.0,63719,63719,282209,1000.0,1000.0,10000.0,71.15,Protect Hero SKU,Medium,Likes are at the 96% peer percentile. | Price is at the 8% country-category percentile. | Shop credibility score is 87%.,Likes are at the 96% peer percentile.,Price is at the 8% country-category percentile.,Shop credibility score is 87%.,id | Beauty; price pctl 8%; likes pctl 96%; sold-value pctl 79%
id,id,779266191,lavojoy Official Shop,23587779086,[Tone Up 00-01-02-03] Lavojoy Let It Glow Daily Shine Body Serum Instant Tone Up Delicate Rose with SPF 50PA++++ | Body Serum untuk Perlindungan Sinar UV | Mencerahkan Seketika & Melembapkan Kulit dengan 3% Niacinamide + Australian Super VC + Ceramide,Beauty,Beauty,LVJ BODY CARE SERIES,59040,59040,40.0,40.0,124629,124629,100097,1000.0,1000.0,10000.0,70.74,Protect Hero SKU,Medium,Likes are at the 99% peer percentile. | Shop credibility score is 85%. | Historical sold-value proxy is at the 79% peer percentile.,Likes are at the 99% peer percentile.,Shop credibility score is 85%.,Historical sold-value proxy is at the 79% peer percentile.,id | Beauty; price pctl 33%; likes pctl 99%; sold-value pctl 79%
id,id,779266191,lavojoy Official Shop,21195685165,Lavojoy Let It Glow Body Serum Skin Brightening Upgraded Version | Body Serum Untuk Mencerahkan Dan Melembabkan Kulit Dengan Niacinamide + Ceramide + Vitamin E,Beauty,Beauty,LVJ BODY CARE SERIES,43000,43000,49.0,49.0,97560,97560,75174,1000.0,1000.0,10000.0,70.74,Protect Hero SKU,Medium,Likes are at the 98% peer percentile. | Shop credibility score is 85%. | Price is at the 18% country-category percentile.,Likes are at the 98% peer percentile.,Shop credibility score is 85%.,Price is at the 18% country-category percentile.,id | Beauty; price pctl 18%; likes pctl 98%; sold-value pctl 79%
id,id,809769142,Glad2Glow Official Store,21829166888,Glad2Glow Serum Series-Peeling| Exfoliating | Mencerahkan Wajah | Retinol |Niacinamide| Dark Spot | Acne | Jerawat Glowing Brightening Glow G2G,Beauty,Beauty,SKINCARE,39900,39900,63.0,63.0,82170,82170,258044,1000.0,1000.0,10000.0,70.69,Protect Hero SKU,Medium,Likes are at the 97% peer percentile. | Shop credibility score is 87%. | Price is at the 16% country-category percentile.,Likes are at the 97% peer percentile.,Shop credibility score is 87%.,Price is at the 16% country-category percentile.,id | Beauty; price pctl 16%; likes pctl 97%; sold-value pctl 79%
vn,vn,430972539,Perfetti Van Melle Vietnam,10665244303,"Kẹo cứng, kẹo mềm, kẹo nhai Alpenliebe, Golia, Mentos dạng gói nhiều hương vị",Thực phẩm và đồ uống,Thực phẩm và đồ uống,Kẹo cứng,25000,25000,0.0,0.0,2192,2192,3325,652.0,652.0,30000.0,77.21,Protect Hero SKU,High,Price is at the 2% country-category percentile. | Likes are at the 98% peer percentile. | Displayed discount is at the 2% peer percentile.,Price is at the 2% country-category percentile.,Likes are at the 98% peer percentile.,Displayed discount is at the 2% peer percentile.,vn | Thực phẩm và đồ uống; price pctl 2%; likes pctl 98%; sold-value pctl 97%
vn,vn,108166524,Nestlé Chính hãng,10218493690,Thực phẩm bổ sung Trà vị chanh NESTEA (Hộp 16 gói x 12g),Thực phẩm và đồ uống,Thực phẩm và đồ uống,Cà phê & Trà,33000,33000,0.0,0.0,1329,1329,2507,462.0,462.0,10000.0,74.61,Protect Hero SKU,High,Displayed discount is at the 2% peer percentile. | Likes are at the 95% peer percentile. | Price is at the 5% country-category percentile.,Displayed discount is at the 2% peer percentile.,Likes are at the 95% peer percentile.,Price is at the 5% country-category percentile.,vn | Thực phẩm và đồ uống; price pctl 5%; likes pctl 95%; sold-value pctl 88%
vn,vn,430972539,Perfetti Van Melle Vietnam,20848965969,"COMBO Kẹo cứng Alpenliebe đậm vị sữa béo hương Caramel, Dâu sữa, Trà sữa và kẹo cứng có nhân Xoài muối ớt",Thực phẩm và đồ uống,Thực phẩm và đồ uống,Kẹo cứng,85500,85500,14.0,14.0,3014,3014,3550,614.0,614.0,20000.0,72.5,Protect Hero SKU,High,Likes are at the 98% peer percentile. | Historical sold-value proxy is at the 95% peer percentile. | Shop credibility score is 94%.,Likes are at the 98% peer percentile.,Historical sold-value proxy is at the 95% peer percentile.,Shop credibility score is 94%.,vn | Thực phẩm và đồ uống; price pctl 34%; likes pctl 98%; sold-value pctl 95%
vn,vn,430972539,Perfetti Van Melle Vietnam,20848965963,Que kẹo mút Hương dâu đầy bí ẩn Chupa Chups sưu tầm những nhân vật Hello Kitty & Friends,Thực phẩm và đồ uống,Thực phẩm và đồ uống,Kẹo mút,47000,47000,6.0,6.0,4028,4028,1424,95.0,95.0,8000.0,72.33,Protect Hero SKU,High,Likes are at the 99% peer percentile. | Shop credibility score is 94%. | Displayed discount is at the 7% peer percentile.,Likes are at the 99% peer percentile.,Shop credibility score is 94%.,Displayed discount is at the 7% peer percentile.,vn | Thực phẩm và đồ uống; price pctl 16%; likes pctl 99%; sold-value pctl 81%
vn,vn,173513432,Richy - Chi Nhánh Miền Bắc,4980351726,"[GIAO NHANH] [Quà Tặng Đơn 129k] Bánh Karo Richy Vị Phô Mai Hoàng Kim, Trứng Tươi Chà Bông & Trứng Sữa",Thực phẩm và đồ uống,Thực phẩm và đồ uống,Karo - Bánh Tươi Cho Mọi Nhà,37000,37000,5.0,5.0,1069,1069,4033,2000.0,2000.0,10000.0,72.32,Protect Hero SKU,High,Likes are at the 94% peer percentile. | Displayed discount is at the 6% peer percentile. | Price is at the 7% country-category percentile.,Likes are at the 94% peer percentile.,Displayed discount is at the 6% peer percentile.,Price is at the 7% country-category percentile.,vn | Thực phẩm và đồ uống; price pctl 7%; likes pctl 94%; sold-value pctl 88%
vn,vn,108166524,Nestlé Chính hãng,10718498371,[Có thêm Nấm Mối] Hạt Nêm Nấm Hương MAGGI MỚI 450g - THÊM NẤM MỐI,Thực phẩm và đồ uống,Thực phẩm và đồ uống,,61600,61600,12.0,12.0,922,922,2344,9000.0,9000.0,20000.0,71.59,Protect Hero SKU,High,Historical sold-value proxy is at the 95% peer percentile. | Likes are at the 93% peer percentile. | Shop credibility score is 90%.,Historical sold-value proxy is at the 95% peer percentile.,Likes are at the 93% peer percentile.,Shop credibility score is 90%.,vn | Thực phẩm và đồ uống; price pctl 24%; likes pctl 93%; sold-value pctl 95%
vn,vn,108166524,Nestlé Chính hãng,16081861365,Thức uống lúa mạch Nestlé Milo nguyên chất 400g (hũ nhựa),Thực phẩm và đồ uống,Thực phẩm và đồ uống,MILO & Sữa,85500,85500,22.0,22.0,4041,4041,6145,10000.0,10000.0,30000.0,71.46,Protect Hero SKU,High,Likes are at the 99% peer percentile. | Historical sold-value proxy is at the 97% peer percentile. | Shop credibility score is 90%.,Likes are at the 99% peer percentile.,Historical sold-value proxy is at the 97% peer percentile.,Shop credibility score is 90%.,vn | Thực phẩm và đồ uống; price pctl 34%; likes pctl 99%; sold-value pctl 97%
vn,vn,430972539,Perfetti Van Melle Vietnam,11518293382,"Kẹo dẻo có nhân Alpenliebe Vũ Trụ Kỳ Thú, Biển Xanh Long Lanh, Tim Đào Ngọt Ngào, Tim Nho Nhí Nhảnh",Thực phẩm và đồ uống,Thực phẩm và đồ uống,Kẹo dẻo,36000,36000,0.0,0.0,847,847,1123,4000.0,4000.0,10000.0,71.42,Protect Hero SKU,Medium,Displayed discount is at the 2% peer percentile. | Shop credibility score is 94%. | Price is at the 7% country-category percentile.,Displayed discount is at the 2% peer percentile.,Shop credibility score is 94%.,Price is at the 7% country-category percentile.,vn | Thực phẩm và đồ uống; price pctl 7%; likes pctl 92%; sold-value pctl 88%
vn,vn,438905996,Richy - Chi nhánh Miền Nam,17385752247,[MUA 3 TẶNG 1 QUAT]  Bánh Yến mạch Richy túi 206-220-250g Mini Bite (Sữa/Phô Mai),Thực phẩm và đồ uống,Thực phẩm và đồ uống,🔥  Bán chạy nhất,46800,46800,22.0,22.0,7157,7157,6785,425.0,425.0,30000.0,70.71,Protect Hero SKU,Medium,Likes are at the 100% peer percentile. | Historical sold-value proxy is at the 97% peer percentile. | Price is at the 15% country-category percentile.,Likes are at the 100% peer percentile.,Historical sold-value proxy is at the 97% peer percentile.,Price is at the 15% country-category percentile.,vn | Thực phẩm và đồ uống; price pctl 15%; likes pctl 100%; sold-value pctl 97%
vn,vn,108166524,Nestlé Chính hãng,11818497272,"Nước tương Đậu Nành Đậm Đặc MAGGI chai 700ml - Công thức cải tiến. Bừng hương đậu nành. Ngon hơn, sánh đậm hơn",Thực phẩm và đồ uống,Thực phẩm và đồ uống,Gia vị nấu ăn,40000,40000,27.0,27.0,934,934,2971,788.0,788.0,10000.0,70.48,Protect Hero SKU,Medium,Likes are at the 93% peer percentile. | Price is at the 9% country-category percentile. | Shop credibility score is 90%.,Likes are at the 93% peer percentile.,Price is at the 9% country-category percentile.,Shop credibility score is 90%.,vn | Thực phẩm và đồ uống; price pctl 9%; likes pctl 93%; sold-value pctl 88%
